X,Y,Z,Name,
-70.3541884948444,-27.3438562146765,0,"1"
-70.3543260711399,-27.3440683624267,0,"02"
