X,Y,Z,Name,
-70.3478681009954,-27.3529970580628,0,AREA OBSERVADA
